iteration,latency_ms,req_id,timestamp_ms,worker_id
0,5,1-0-4746d7,1757915677013,1
0,5,0-0-663387,1757915677013,0
0,6,2-0-32ac23,1757915677014,2
0,6,3-0-b62c66,1757915677014,3
1,5,1-1-0d52d4,1757915677018,1
1,5,0-1-e4df6c,1757915677018,0
1,5,2-1-106b4c,1757915677019,2
1,5,3-1-2db62f,1757915677019,3
2,5,2-2-ba5a72,1757915677024,2
2,6,0-2-a51c54,1757915677024,0
2,5,3-2-317e41,1757915677024,3
2,6,1-2-347abe,1757915677024,1
3,5,0-3-7c112f,1757915677029,0
3,5,3-3-242d5f,1757915677029,3
3,5,2-3-860a35,1757915677029,2
3,6,1-3-90925f,1757915677030,1
4,6,2-4-afad2d,1757915677035,2
4,6,3-4-6a7dfc,1757915677035,3
4,6,0-4-69fbbc,1757915677035,0
4,6,1-4-c03ded,1757915677036,1
5,5,2-5-93d93a,1757915677040,2
5,5,3-5-dc2158,1757915677040,3
5,6,0-5-857b3c,1757915677041,0
5,5,1-5-d35a7a,1757915677041,1
6,5,3-6-cca9b0,1757915677045,3
6,5,2-6-904018,1757915677045,2
6,5,0-6-89de61,1757915677046,0
6,5,1-6-d3ece4,1757915677046,1
7,6,2-7-f0fbb9,1757915677051,2
7,6,3-7-6d7521,1757915677051,3
7,5,0-7-f1056e,1757915677051,0
7,6,1-7-82f094,1757915677052,1
8,5,2-8-d84033,1757915677056,2
8,5,3-8-1c2ef8,1757915677056,3
8,5,0-8-b4a5ef,1757915677056,0
8,5,1-8-70bfdc,1757915677057,1
9,6,2-9-b8500d,1757915677062,2
9,6,3-9-1defd3,1757915677062,3
9,6,0-9-cb57b3,1757915677062,0
9,6,1-9-4df71b,1757915677063,1
10,5,2-10-d4ba6e,1757915677067,2
10,5,3-10-182fee,1757915677067,3
10,5,0-10-c75a54,1757915677067,0
10,5,1-10-fd9bfc,1757915677068,1
11,5,0-11-6436a5,1757915677072,0
11,5,2-11-1b7d98,1757915677072,2
11,5,3-11-c336fd,1757915677072,3
11,5,1-11-ed7f3b,1757915677073,1
12,6,3-12-e4b5c5,1757915677078,3
12,6,0-12-e90923,1757915677078,0
12,6,2-12-f10472,1757915677078,2
12,6,1-12-c52879,1757915677079,1
13,5,0-13-67595b,1757915677083,0
13,5,2-13-2a43c5,1757915677083,2
13,5,3-13-24bbcc,1757915677083,3
13,5,1-13-f0b91a,1757915677084,1
14,6,0-14-87c151,1757915677089,0
14,6,2-14-288bfe,1757915677089,2
14,6,3-14-7b0713,1757915677089,3
14,6,1-14-d0a80d,1757915677090,1
15,5,2-15-2837f8,1757915677094,2
15,5,0-15-db2c0d,1757915677094,0
15,5,3-15-a5c1d9,1757915677094,3
15,5,1-15-d5da6a,1757915677095,1
16,5,2-16-108a74,1757915677099,2
16,6,3-16-7b7411,1757915677100,3
16,6,0-16-c6935d,1757915677100,0
16,6,1-16-3200fd,1757915677101,1
17,5,2-17-f841e6,1757915677104,2
17,5,3-17-745d43,1757915677105,3
17,5,0-17-2928ea,1757915677105,0
17,5,1-17-b2ef42,1757915677106,1
18,6,2-18-64f86e,1757915677110,2
18,5,3-18-da9bc4,1757915677110,3
18,5,0-18-41757f,1757915677110,0
18,5,1-18-f80f55,1757915677111,1
19,5,2-19-219047,1757915677115,2
19,6,3-19-65885f,1757915677116,3
19,6,0-19-266b7b,1757915677116,0
19,6,1-19-34aad4,1757915677117,1
20,5,2-20-c4d9b4,1757915677120,2
20,5,3-20-41e787,1757915677121,3
20,5,1-20-e8c2c9,1757915677122,1
20,6,0-20-4b0ba9,1757915677122,0
21,6,2-21-94c520,1757915677126,2
21,5,3-21-4bbc1c,1757915677126,3
21,5,1-21-eeeab7,1757915677127,1
21,5,0-21-04bdd0,1757915677127,0
22,5,2-22-66c3cf,1757915677131,2
22,5,3-22-478459,1757915677131,3
22,5,1-22-a0b0a5,1757915677132,1
22,6,0-22-b2136b,1757915677133,0
23,6,2-23-05722f,1757915677137,2
23,6,3-23-45832d,1757915677137,3
23,5,1-23-7ecc0b,1757915677137,1
23,5,0-23-1f16a7,1757915677138,0
24,5,3-24-7fc15d,1757915677142,3
24,5,2-24-5d441b,1757915677142,2
24,6,1-24-dc3488,1757915677143,1
24,5,0-24-da123b,1757915677143,0
25,5,3-25-f55618,1757915677147,3
25,5,2-25-2e4836,1757915677147,2
25,5,1-25-d456d7,1757915677148,1
25,6,0-25-a982e9,1757915677149,0
26,6,2-26-2ac19b,1757915677153,2
26,6,3-26-8315d4,1757915677153,3
26,5,1-26-16c415,1757915677153,1
26,5,0-26-a0178f,1757915677154,0
27,5,2-27-daaaae,1757915677158,2
27,5,3-27-450413,1757915677158,3
27,6,1-27-9c9c9f,1757915677159,1
27,5,0-27-3ce050,1757915677159,0
28,5,2-28-a34f40,1757915677163,2
28,6,3-28-a26673,1757915677164,3
28,5,1-28-bef34c,1757915677164,1
28,6,0-28-d5c87e,1757915677165,0
29,5,2-29-8f5c1e,1757915677168,2
29,5,1-29-41f2db,1757915677169,1
29,5,3-29-8a8121,1757915677169,3
29,6,0-29-896e18,1757915677171,0
30,6,2-30-946020,1757915677174,2
30,6,3-30-d83b73,1757915677175,3
30,6,1-30-fc2f3e,1757915677175,1
30,5,0-30-d00e7c,1757915677176,0
31,5,2-31-6cb695,1757915677179,2
31,5,1-31-aba0e8,1757915677180,1
31,5,3-31-8f2213,1757915677180,3
31,5,0-31-45233d,1757915677181,0
32,6,2-32-a3f249,1757915677185,2
32,6,1-32-06abcc,1757915677186,1
32,6,3-32-48812e,1757915677186,3
32,6,0-32-171e25,1757915677187,0
33,8,2-33-a4074a,1757915677193,2
33,7,1-33-4c542c,1757915677193,1
33,6,0-33-40d434,1757915677193,0
33,7,3-33-c5ca3c,1757915677193,3
34,6,2-34-115b2b,1757915677199,2
34,6,3-34-7a1cd8,1757915677199,3
34,6,1-34-a24351,1757915677199,1
34,6,0-34-a61b43,1757915677199,0
35,6,1-35-6e7b15,1757915677205,1
35,6,2-35-c2bcb6,1757915677205,2
35,6,0-35-97a27a,1757915677205,0
35,6,3-35-db6e42,1757915677205,3
36,5,0-36-626561,1757915677210,0
36,5,1-36-36520b,1757915677210,1
36,5,2-36-930d19,1757915677210,2
36,5,3-36-4c0b62,1757915677210,3
37,6,1-37-d8496b,1757915677216,1
37,6,0-37-f03d71,1757915677216,0
37,6,3-37-135fb0,1757915677216,3
37,6,2-37-f79558,1757915677216,2
38,5,0-38-dddbbc,1757915677221,0
38,5,1-38-6b198c,1757915677221,1
38,6,2-38-ba470b,1757915677222,2
38,6,3-38-12d706,1757915677222,3
39,5,0-39-007f1e,1757915677226,0
39,5,1-39-54515c,1757915677226,1
39,5,2-39-ba514e,1757915677227,2
39,6,3-39-dc0e39,1757915677228,3
40,6,1-40-d04ca2,1757915677232,1
40,6,0-40-632673,1757915677232,0
40,5,2-40-ef1881,1757915677232,2
40,5,3-40-fcebb2,1757915677233,3
41,5,1-41-90f77e,1757915677237,1
41,5,0-41-4f09b8,1757915677237,0
41,5,2-41-a133e2,1757915677237,2
41,6,3-41-10b41a,1757915677239,3
42,5,1-42-d33d57,1757915677242,1
42,6,2-42-6fd73d,1757915677243,2
42,6,0-42-801f61,1757915677243,0
42,5,3-42-00c86d,1757915677244,3
43,5,1-43-155430,1757915677247,1
43,5,0-43-cf3df6,1757915677248,0
43,5,2-43-745cc9,1757915677248,2
43,6,3-43-940798,1757915677250,3
44,5,0-44-c27669,1757915677253,0
44,7,1-44-bff159,1757915677254,1
44,6,2-44-5f3030,1757915677254,2
44,5,3-44-e43f45,1757915677255,3
45,5,2-45-c66982,1757915677259,2
45,5,1-45-40a714,1757915677259,1
45,5,0-45-e1ee48,1757915677259,0
45,6,3-45-b7a18b,1757915677261,3
46,6,1-46-a1a106,1757915677265,1
46,6,2-46-d519b2,1757915677265,2
46,6,0-46-f8d17c,1757915677265,0
46,5,3-46-817d2b,1757915677266,3
47,5,0-47-615f4e,1757915677270,0
47,5,2-47-67bc92,1757915677270,2
47,5,1-47-c68025,1757915677270,1
47,6,3-47-0d6752,1757915677272,3
48,5,0-48-fcb8f7,1757915677275,0
48,5,2-48-fc2960,1757915677275,2
48,6,1-48-107b86,1757915677276,1
48,5,3-48-d1c259,1757915677277,3
49,6,2-49-cf89e3,1757915677281,2
49,6,0-49-77eeb4,1757915677281,0
49,5,1-49-a9988a,1757915677281,1
49,5,3-49-2e5313,1757915677282,3
50,5,1-50-934340,1757915677286,1
50,5,2-50-b1427f,1757915677286,2
50,5,0-50-4854a9,1757915677286,0
50,6,3-50-1c4172,1757915677288,3
51,6,0-51-8619ae,1757915677292,0
51,6,2-51-8e3afb,1757915677292,2
51,6,1-51-b3dd72,1757915677292,1
51,5,3-51-ab6397,1757915677293,3
52,5,1-52-0cb4a0,1757915677297,1
52,5,2-52-43e71e,1757915677297,2
52,5,0-52-a306ee,1757915677297,0
52,6,3-52-3b92cf,1757915677299,3
53,6,1-53-cb2aa2,1757915677303,1
53,6,0-53-43ea8e,1757915677303,0
53,6,2-53-3d5768,1757915677303,2
53,5,3-53-c9f488,1757915677304,3
54,5,1-54-c0032e,1757915677308,1
54,6,2-54-dae292,1757915677309,2
54,6,0-54-ee313b,1757915677309,0
54,6,3-54-a13b1b,1757915677310,3
55,5,1-55-c740a6,1757915677313,1
55,5,0-55-b243b2,1757915677314,0
55,5,2-55-e9eaa4,1757915677314,2
55,5,3-55-e3f562,1757915677315,3
56,6,1-56-3fb647,1757915677319,1
56,5,2-56-e22f33,1757915677319,2
56,5,0-56-88510a,1757915677319,0
56,5,3-56-14c7b9,1757915677320,3
57,6,0-57-9909c3,1757915677325,0
57,6,2-57-682df0,1757915677325,2
57,6,1-57-093a7b,1757915677325,1
57,6,3-57-cffead,1757915677326,3
58,5,2-58-6396b7,1757915677330,2
58,5,0-58-7cdb76,1757915677330,0
58,5,1-58-2cae81,1757915677330,1
58,6,3-58-1830f3,1757915677332,3
59,6,1-59-64875e,1757915677336,1
59,6,0-59-9b0cd8,1757915677336,0
59,6,2-59-d667a3,1757915677336,2
59,5,3-59-7c19fc,1757915677337,3
60,5,2-60-1f2cb9,1757915677341,2
60,5,1-60-e73921,1757915677341,1
60,5,0-60-3fec1a,1757915677341,0
60,6,3-60-b96b55,1757915677343,3
61,6,1-61-f45154,1757915677347,1
61,6,2-61-800889,1757915677347,2
61,6,0-61-cfb259,1757915677347,0
61,5,3-61-363beb,1757915677348,3
62,5,1-62-e393b5,1757915677352,1
62,5,2-62-fcdc9a,1757915677352,2
62,5,0-62-c7e05f,1757915677352,0
62,5,3-62-07d6d0,1757915677353,3
63,5,1-63-5f4bce,1757915677357,1
63,6,2-63-afab55,1757915677358,2
63,6,0-63-8c2a53,1757915677358,0
63,6,3-63-74a41d,1757915677359,3
64,6,1-64-42271a,1757915677363,1
64,5,2-64-a12c67,1757915677363,2
64,5,0-64-9dca28,1757915677363,0
64,5,3-64-4660c8,1757915677364,3
65,5,1-65-3f6c82,1757915677368,1
65,6,2-65-688b81,1757915677369,2
65,6,0-65-825b57,1757915677369,0
65,6,3-65-7e56ee,1757915677370,3
66,5,1-66-1be5da,1757915677373,1
66,5,2-66-c3fb68,1757915677374,2
66,5,0-66-ad1743,1757915677374,0
66,5,3-66-15b88f,1757915677375,3
67,6,1-67-b15702,1757915677379,1
67,5,0-67-cbc5a9,1757915677379,0
67,5,2-67-11aaf3,1757915677379,2
67,5,3-67-ec4182,1757915677380,3
68,6,2-68-9bb49f,1757915677385,2
68,6,0-68-80ab7e,1757915677385,0
68,6,1-68-d0f07d,1757915677385,1
68,6,3-68-b7980c,1757915677386,3
69,5,2-69-0c564a,1757915677390,2
69,5,0-69-4beb0b,1757915677390,0
69,5,1-69-f10bb8,1757915677390,1
69,5,3-69-aee883,1757915677391,3
70,5,2-70-dc299d,1757915677395,2
70,6,0-70-efc10d,1757915677396,0
70,6,1-70-7068a6,1757915677396,1
70,5,3-70-56506c,1757915677396,3
71,5,0-71-50a915,1757915677401,0
71,5,1-71-bf2fcb,1757915677401,1
71,6,2-71-7704e0,1757915677401,2
71,5,3-71-2328d1,1757915677401,3
72,5,2-72-68cfdf,1757915677406,2
72,5,3-72-78cbe0,1757915677406,3
72,5,1-72-bdaaa0,1757915677406,1
72,5,0-72-27ea14,1757915677406,0
73,6,2-73-fa2c0f,1757915677412,2
73,6,0-73-bc45ee,1757915677412,0
73,6,3-73-55bda6,1757915677412,3
73,6,1-73-27d676,1757915677412,1
74,5,2-74-bbe1f2,1757915677417,2
74,5,0-74-27be80,1757915677417,0
74,5,3-74-204742,1757915677417,3
74,6,1-74-f24959,1757915677418,1
75,6,2-75-8bb710,1757915677423,2
75,6,3-75-328b88,1757915677423,3
75,6,0-75-604e09,1757915677423,0
75,5,1-75-e6a0d4,1757915677423,1
76,5,3-76-fd9198,1757915677428,3
76,5,2-76-7ca99b,1757915677428,2
76,5,1-76-246735,1757915677428,1
76,5,0-76-295005,1757915677428,0
77,5,2-77-d4f71f,1757915677433,2
77,5,3-77-34ff7d,1757915677433,3
77,6,0-77-a46086,1757915677434,0
77,6,1-77-dca962,1757915677434,1
78,6,2-78-2207ef,1757915677439,2
78,6,3-78-8f8522,1757915677439,3
78,5,1-78-f873de,1757915677439,1
78,5,0-78-c39840,1757915677439,0
79,5,1-79-5d49b5,1757915677444,1
79,5,3-79-14e5a2,1757915677444,3
79,5,2-79-088250,1757915677444,2
79,6,0-79-5a146e,1757915677445,0
80,5,1-80-d5e031,1757915677449,1
80,5,3-80-84ef7d,1757915677449,3
80,5,0-80-aa8fba,1757915677450,0
80,6,2-80-ce13d6,1757915677450,2
81,6,1-81-f01247,1757915677455,1
81,6,3-81-acd57a,1757915677455,3
81,5,2-81-fa54e4,1757915677455,2
81,5,0-81-b4114e,1757915677455,0
82,5,3-82-27ff3d,1757915677460,3
82,5,1-82-8df745,1757915677460,1
82,6,2-82-3fe3d9,1757915677461,2
82,6,0-82-7ea069,1757915677461,0
83,5,1-83-c8a5eb,1757915677465,1
83,5,3-83-a35584,1757915677465,3
83,5,0-83-7c11f3,1757915677466,0
83,5,2-83-a3aed5,1757915677466,2
84,6,3-84-c10682,1757915677471,3
84,6,1-84-09e0d7,1757915677471,1
84,6,2-84-ef3ff9,1757915677472,2
84,6,0-84-cfb42e,1757915677472,0
85,5,1-85-7c5871,1757915677476,1
85,5,3-85-0cde67,1757915677476,3
85,5,2-85-0dfc31,1757915677477,2
85,5,0-85-348dac,1757915677477,0
86,6,1-86-7fad9c,1757915677482,1
86,6,3-86-48558a,1757915677482,3
86,5,2-86-77797b,1757915677482,2
86,5,0-86-2186ac,1757915677482,0
87,5,3-87-9a8790,1757915677487,3
87,5,1-87-718eb1,1757915677487,1
87,6,2-87-b2e774,1757915677488,2
87,6,0-87-9827b8,1757915677488,0
88,5,3-88-f4ce28,1757915677492,3
88,5,1-88-46b05f,1757915677492,1
88,5,2-88-f2243f,1757915677493,2
88,5,0-88-c9838e,1757915677493,0
89,6,1-89-fb01ee,1757915677498,1
89,5,2-89-c61799,1757915677498,2
89,6,3-89-259528,1757915677498,3
89,6,0-89-a459af,1757915677499,0
90,6,2-90-ad5410,1757915677504,2
90,6,1-90-8a1d8c,1757915677504,1
90,6,3-90-174166,1757915677504,3
90,5,0-90-58439b,1757915677504,0
91,5,1-91-25dfd0,1757915677509,1
91,5,2-91-3802e1,1757915677509,2
91,5,3-91-2bb205,1757915677509,3
91,6,0-91-e040b4,1757915677510,0
92,6,1-92-9644cb,1757915677515,1
92,6,3-92-30fd44,1757915677515,3
92,6,2-92-bbb096,1757915677515,2
92,5,0-92-0298ed,1757915677515,0
93,5,1-93-ec474a,1757915677520,1
93,5,3-93-8dd42a,1757915677520,3
93,5,2-93-b52c16,1757915677520,2
93,6,0-93-7e8915,1757915677521,0
94,5,3-94-02d462,1757915677525,3
94,5,1-94-11c6bc,1757915677525,1
94,6,2-94-267a89,1757915677526,2
94,5,0-94-6a5efb,1757915677526,0
95,5,3-95-1f3c43,1757915677530,3
95,6,1-95-2abb28,1757915677531,1
95,5,2-95-453fef,1757915677531,2
95,6,0-95-eeca25,1757915677532,0
96,6,3-96-5b8487,1757915677536,3
96,5,2-96-cbb7dc,1757915677536,2
96,5,1-96-783d2c,1757915677536,1
96,5,0-96-0593e7,1757915677537,0
97,5,3-97-310f82,1757915677541,3
97,6,2-97-00c367,1757915677542,2
97,6,1-97-7c7fbd,1757915677542,1
97,6,0-97-0b9b69,1757915677543,0
98,6,3-98-c2d41d,1757915677547,3
98,5,2-98-f1b057,1757915677547,2
98,5,1-98-3df9fc,1757915677547,1
98,5,0-98-ac4c70,1757915677548,0
99,5,3-99-88589a,1757915677552,3
99,5,1-99-38814d,1757915677552,1
99,5,2-99-74c575,1757915677552,2
99,5,0-99-7f5dfe,1757915677553,0
100,5,3-100-9a8fb6,1757915677557,3
100,6,1-100-00820f,1757915677558,1
100,6,2-100-8f2e9d,1757915677558,2
100,6,0-100-0a4f37,1757915677559,0
101,6,3-101-aff573,1757915677563,3
101,5,1-101-fd55d5,1757915677563,1
101,5,2-101-35cb75,1757915677563,2
101,5,0-101-443899,1757915677564,0
102,5,3-102-7930b1,1757915677568,3
102,6,1-102-18cce3,1757915677569,1
102,6,2-102-f4083f,1757915677569,2
102,6,0-102-8a84f4,1757915677570,0
103,6,3-103-ec5e5c,1757915677574,3
103,5,2-103-568eaf,1757915677574,2
103,5,1-103-37c602,1757915677574,1
103,6,0-103-a1d966,1757915677576,0
104,5,2-104-3761a5,1757915677579,2
104,5,1-104-8cfe4f,1757915677579,1
104,5,3-104-429c9d,1757915677579,3
104,5,0-104-94fe89,1757915677581,0
105,6,2-105-e68411,1757915677585,2
105,6,1-105-f3fb11,1757915677585,1
105,6,3-105-aa8108,1757915677585,3
105,5,0-105-b86bc6,1757915677586,0
106,5,2-106-1f5c34,1757915677590,2
106,5,3-106-7e6342,1757915677590,3
106,5,1-106-118c8c,1757915677590,1
106,6,0-106-3bf32c,1757915677592,0
107,5,2-107-001e04,1757915677595,2
107,5,1-107-06ac4c,1757915677595,1
107,5,3-107-8b3b52,1757915677595,3
107,5,0-107-6b9da8,1757915677597,0
108,5,2-108-3016e2,1757915677600,2
108,6,1-108-eb034f,1757915677601,1
108,6,3-108-d7eeb7,1757915677601,3
108,6,0-108-b8ed15,1757915677603,0
109,6,2-109-494a07,1757915677606,2
109,5,3-109-e2ae28,1757915677606,3
109,5,1-109-ffcf26,1757915677606,1
109,5,0-109-ea3026,1757915677608,0
110,6,3-110-130792,1757915677612,3
110,6,1-110-f5b335,1757915677612,1
110,6,2-110-029db7,1757915677612,2
110,6,0-110-87c165,1757915677614,0
111,5,3-111-2992cf,1757915677617,3
111,5,1-111-9debbf,1757915677617,1
111,6,2-111-cac2bb,1757915677618,2
111,5,0-111-61d68f,1757915677619,0
112,5,2-112-cb0c63,1757915677623,2
112,6,1-112-f348a5,1757915677623,1
112,6,3-112-d4c2e7,1757915677623,3
112,6,0-112-31cfe9,1757915677625,0
113,5,2-113-08c317,1757915677628,2
113,5,3-113-679423,1757915677628,3
113,5,1-113-9529fa,1757915677628,1
113,5,0-113-f59d74,1757915677630,0
114,5,1-114-25c948,1757915677633,1
114,5,2-114-8d3677,1757915677633,2
114,5,3-114-231d48,1757915677633,3
114,6,0-114-c6c692,1757915677636,0
115,6,1-115-c77f34,1757915677639,1
115,6,2-115-71adb4,1757915677639,2
115,6,3-115-7b8c7f,1757915677639,3
115,5,0-115-e55797,1757915677641,0
116,6,1-116-ac215c,1757915677645,1
116,6,3-116-e31f2d,1757915677645,3
116,6,2-116-5dfb61,1757915677645,2
116,6,0-116-a4f0de,1757915677647,0
117,5,1-117-57b280,1757915677650,1
117,5,3-117-9c58d1,1757915677650,3
117,5,2-117-d3ec7e,1757915677650,2
117,5,0-117-ccf881,1757915677652,0
118,5,1-118-233814,1757915677655,1
118,6,3-118-e7ece4,1757915677656,3
118,6,2-118-6b1b79,1757915677656,2
118,6,0-118-2b31db,1757915677658,0
119,5,1-119-0662d7,1757915677660,1
119,5,3-119-d35a2f,1757915677661,3
119,5,2-119-112134,1757915677661,2
119,5,0-119-b7af9b,1757915677663,0
120,5,1-120-44e6f0,1757915677665,1
120,5,3-120-2f9edd,1757915677666,3
120,6,2-120-809c58,1757915677667,2
120,6,0-120-bdf0b5,1757915677669,0
121,6,1-121-03eeda,1757915677671,1
121,5,3-121-67a344,1757915677671,3
121,5,2-121-018adf,1757915677672,2
121,5,0-121-e8eeba,1757915677674,0
122,5,1-122-828d09,1757915677676,1
122,6,3-122-b66f3e,1757915677677,3
122,5,2-122-ce36dd,1757915677677,2
122,6,0-122-dd655b,1757915677680,0
123,5,1-123-945652,1757915677681,1
123,5,3-123-428ee8,1757915677682,3
123,6,2-123-c49064,1757915677683,2
123,5,0-123-9db6be,1757915677685,0
124,6,1-124-b3e72d,1757915677687,1
124,6,3-124-9345fe,1757915677688,3
124,6,2-124-1dcd5a,1757915677689,2
124,6,0-124-afe318,1757915677691,0
125,5,1-125-902e4f,1757915677692,1
125,5,3-125-6595d9,1757915677693,3
125,5,2-125-c8c240,1757915677694,2
125,5,0-125-b335fe,1757915677696,0
126,6,1-126-383cb3,1757915677698,1
126,6,3-126-96c6ab,1757915677699,3
126,6,2-126-987c32,1757915677700,2
126,6,0-126-56ad06,1757915677702,0
127,5,1-127-21fc72,1757915677703,1
127,5,3-127-6f6f1f,1757915677704,3
127,5,2-127-8f948b,1757915677705,2
127,5,0-127-afc893,1757915677707,0
128,5,1-128-71b3b0,1757915677708,1
128,5,3-128-02b06c,1757915677709,3
128,5,2-128-c13be6,1757915677710,2
128,5,0-128-22b5d8,1757915677712,0
129,6,1-129-7c399b,1757915677714,1
129,6,3-129-8be609,1757915677715,3
129,6,2-129-c86635,1757915677716,2
129,6,0-129-bda08a,1757915677718,0
130,6,1-130-ce2ee2,1757915677720,1
130,5,3-130-b18511,1757915677720,3
130,5,2-130-450f8f,1757915677721,2
130,5,0-130-82ccde,1757915677723,0
131,5,1-131-7e8e3f,1757915677725,1
131,6,3-131-394f88,1757915677726,3
131,6,2-131-2aca99,1757915677727,2
131,5,0-131-d46d7d,1757915677728,0
132,5,1-132-00f579,1757915677730,1
132,6,3-132-a0e13b,1757915677732,3
132,5,2-132-f0e695,1757915677732,2
132,6,0-132-905752,1757915677734,0
133,6,1-133-743e80,1757915677736,1
133,5,3-133-34afaf,1757915677737,3
133,6,2-133-ee89f1,1757915677738,2
133,5,0-133-10547a,1757915677739,0
134,5,1-134-3c3b3a,1757915677741,1
134,5,3-134-17436e,1757915677742,3
134,5,2-134-3f7ca0,1757915677743,2
134,5,0-134-c4ecda,1757915677744,0
135,5,1-135-8a3a2f,1757915677746,1
135,6,3-135-20907f,1757915677748,3
135,5,2-135-d78f8d,1757915677748,2
135,6,0-135-1e51d0,1757915677750,0
136,6,1-136-9d6895,1757915677752,1
136,5,3-136-bfab7b,1757915677753,3
136,6,2-136-dd028f,1757915677754,2
136,6,0-136-9eee3b,1757915677756,0
137,5,1-137-52a5ea,1757915677757,1
137,5,3-137-f82060,1757915677758,3
137,5,2-137-59374d,1757915677759,2
137,5,0-137-efbd5f,1757915677761,0
138,6,1-138-af8bf5,1757915677763,1
138,6,3-138-ed1866,1757915677764,3
138,5,2-138-cacf5b,1757915677764,2
138,5,0-138-862424,1757915677766,0
139,5,1-139-d2f3fe,1757915677768,1
139,5,3-139-cf28e5,1757915677769,3
139,5,2-139-316904,1757915677769,2
139,5,0-139-0ead61,1757915677771,0
140,6,1-140-53c04a,1757915677774,1
140,5,3-140-e2f46b,1757915677774,3
140,6,2-140-1ee7dd,1757915677775,2
140,6,0-140-0c48f6,1757915677777,0
141,5,1-141-ea4db2,1757915677779,1
141,5,3-141-daaf76,1757915677779,3
141,5,2-141-0bbbb6,1757915677780,2
141,5,0-141-a531c1,1757915677782,0
142,6,1-142-a69c1f,1757915677785,1
142,6,3-142-b4c7a3,1757915677785,3
142,5,2-142-39e058,1757915677785,2
142,5,0-142-30c054,1757915677787,0
143,5,3-143-4c338a,1757915677790,3
143,5,1-143-27377c,1757915677790,1
143,5,2-143-436b47,1757915677790,2
143,6,0-143-4c31f8,1757915677793,0
144,5,3-144-552c54,1757915677795,3
144,6,1-144-a34685,1757915677796,1
144,6,2-144-d0e7c2,1757915677796,2
144,5,0-144-730281,1757915677798,0
145,5,2-145-f555ed,1757915677801,2
145,5,1-145-32cd8e,1757915677801,1
145,6,3-145-24f2c5,1757915677801,3
145,5,0-145-01b4d1,1757915677803,0
146,5,1-146-3a633d,1757915677806,1
146,5,2-146-647943,1757915677806,2
146,5,3-146-235056,1757915677806,3
146,5,0-146-23f978,1757915677808,0
147,6,1-147-591b72,1757915677812,1
147,6,2-147-5a4931,1757915677812,2
147,6,3-147-079849,1757915677812,3
147,6,0-147-81d6aa,1757915677814,0
148,5,1-148-123e9e,1757915677817,1
148,5,3-148-73185a,1757915677817,3
148,5,2-148-601400,1757915677817,2
148,5,0-148-6dbc3c,1757915677819,0
149,6,1-149-b76290,1757915677823,1
149,6,2-149-3bbb49,1757915677823,2
149,6,3-149-1835f7,1757915677823,3
149,6,0-149-8a3e22,1757915677825,0
150,5,1-150-d0bd5b,1757915677828,1
150,5,2-150-021893,1757915677828,2
150,5,3-150-8de08e,1757915677828,3
150,5,0-150-60d833,1757915677830,0
151,6,1-151-7d062f,1757915677834,1
151,6,3-151-4bb0ae,1757915677834,3
151,6,2-151-9faa61,1757915677834,2
151,6,0-151-e8c1f1,1757915677836,0
152,5,2-152-800cfc,1757915677839,2
152,5,1-152-8b7089,1757915677839,1
152,5,3-152-f6af09,1757915677839,3
152,5,0-152-b11189,1757915677841,0
153,6,2-153-fe9c56,1757915677845,2
153,6,3-153-551e18,1757915677845,3
153,6,1-153-b32cad,1757915677845,1
153,6,0-153-1f589e,1757915677847,0
154,5,3-154-a948b0,1757915677850,3
154,5,1-154-03d3f1,1757915677850,1
154,5,2-154-c7d75e,1757915677850,2
154,5,0-154-8aa515,1757915677852,0
155,5,3-155-037bce,1757915677855,3
155,6,1-155-b3a09a,1757915677856,1
155,6,2-155-58fd3c,1757915677856,2
155,5,0-155-891aab,1757915677857,0
156,6,3-156-64ac6a,1757915677861,3
156,5,2-156-d7d5c2,1757915677861,2
156,5,1-156-578d74,1757915677861,1
156,6,0-156-2256cb,1757915677863,0
157,5,3-157-c20fcf,1757915677866,3
157,6,2-157-736744,1757915677867,2
157,6,1-157-dcb55a,1757915677867,1
157,5,0-157-77660b,1757915677868,0
158,6,3-158-bb1d9a,1757915677872,3
158,5,2-158-9e2832,1757915677872,2
158,5,1-158-e6419d,1757915677872,1
158,6,0-158-cb41a6,1757915677874,0
159,5,3-159-472411,1757915677877,3
159,6,2-159-2a8e5f,1757915677878,2
159,6,1-159-83b849,1757915677878,1
159,5,0-159-f6f133,1757915677879,0
160,6,3-160-f88257,1757915677883,3
160,5,1-160-d85ea9,1757915677883,1
160,5,2-160-abffcf,1757915677883,2
160,6,0-160-042c25,1757915677885,0
161,5,3-161-117e25,1757915677888,3
161,6,1-161-1f41de,1757915677889,1
161,6,2-161-f75c7e,1757915677889,2
161,5,0-161-8375f1,1757915677890,0
162,5,1-162-16aa1a,1757915677894,1
162,6,3-162-31b094,1757915677894,3
162,6,2-162-b0e315,1757915677895,2
162,6,0-162-fe9bcb,1757915677896,0
163,5,3-163-afc8b1,1757915677899,3
163,5,1-163-fbab5f,1757915677899,1
163,5,2-163-d1481d,1757915677900,2
163,5,0-163-04ed0c,1757915677901,0
164,5,3-164-227885,1757915677904,3
164,5,1-164-fab110,1757915677904,1
164,5,2-164-ba4be1,1757915677905,2
164,6,0-164-92c68d,1757915677907,0
165,6,3-165-e8c41f,1757915677910,3
165,6,1-165-b9e3f3,1757915677910,1
165,6,2-165-1aa0ac,1757915677911,2
165,5,0-165-49401b,1757915677912,0
166,5,1-166-c9e88e,1757915677915,1
166,5,3-166-5300b9,1757915677915,3
166,6,2-166-683924,1757915677917,2
166,6,0-166-c69495,1757915677918,0
167,6,1-167-6d61ed,1757915677921,1
167,6,3-167-7004e9,1757915677921,3
167,5,2-167-034619,1757915677922,2
167,5,0-167-acf204,1757915677923,0
168,5,3-168-c847fb,1757915677926,3
168,5,1-168-ba038c,1757915677926,1
168,6,2-168-f950fd,1757915677928,2
168,6,0-168-0980d0,1757915677929,0
169,5,3-169-c800e3,1757915677931,3
169,5,1-169-15ac90,1757915677931,1
169,5,2-169-21447f,1757915677933,2
169,5,0-169-c6a17d,1757915677934,0
170,6,3-170-214d6b,1757915677937,3
170,6,1-170-3182e5,1757915677937,1
170,6,2-170-d20615,1757915677939,2
170,6,0-170-44fd2f,1757915677940,0
171,5,3-171-5c1ee9,1757915677942,3
171,5,1-171-cef486,1757915677942,1
171,5,2-171-6a2924,1757915677944,2
171,5,0-171-2025c4,1757915677945,0
172,6,3-172-b974b1,1757915677948,3
172,6,1-172-667b02,1757915677948,1
172,6,2-172-de2150,1757915677950,2
172,6,0-172-b6569b,1757915677951,0
173,5,1-173-a1170c,1757915677953,1
173,5,3-173-a848eb,1757915677953,3
173,5,2-173-deea5d,1757915677955,2
173,5,0-173-2332fa,1757915677956,0
174,6,3-174-de3808,1757915677959,3
174,6,1-174-7048cf,1757915677959,1
174,6,2-174-5d2425,1757915677961,2
174,5,0-174-520e3c,1757915677961,0
175,5,1-175-8d4474,1757915677964,1
175,6,3-175-bc6658,1757915677965,3
175,5,2-175-cf239f,1757915677966,2
175,6,0-175-3f190b,1757915677967,0
176,6,1-176-ef0fe7,1757915677970,1
176,5,3-176-da1c75,1757915677970,3
176,5,2-176-9b9e03,1757915677971,2
176,5,0-176-dcaa11,1757915677972,0
177,5,3-177-c22fe7,1757915677975,3
177,5,1-177-9c31b7,1757915677975,1
177,6,2-177-4904ed,1757915677977,2
177,6,0-177-7c9b1e,1757915677978,0
178,6,3-178-a94180,1757915677981,3
178,6,1-178-ff8ee8,1757915677981,1
178,6,2-178-8e64de,1757915677983,2
178,5,0-178-a5f851,1757915677983,0
179,5,3-179-433d46,1757915677986,3
179,5,1-179-f7cae6,1757915677986,1
179,5,2-179-6993e1,1757915677988,2
179,6,0-179-0e62be,1757915677989,0
180,6,1-180-6b1a94,1757915677992,1
180,6,3-180-d2c84c,1757915677992,3
180,5,2-180-85569a,1757915677993,2
180,5,0-180-9999ed,1757915677994,0
181,5,1-181-31be46,1757915677997,1
181,5,3-181-d280c0,1757915677997,3
181,6,2-181-519cd4,1757915677999,2
181,5,0-181-1d660a,1757915677999,0
182,5,1-182-67d8ca,1757915678002,1
182,6,3-182-ddbe17,1757915678003,3
182,5,2-182-7db3a5,1757915678004,2
182,6,0-182-051cda,1757915678005,0
183,5,1-183-ad5c35,1757915678007,1
183,5,3-183-6fba44,1757915678008,3
183,5,0-183-d58fab,1757915678010,0
183,6,2-183-229f0b,1757915678010,2
184,6,1-184-182cd9,1757915678013,1
184,6,3-184-9db52c,1757915678014,3
184,6,0-184-c0a079,1757915678016,0
184,6,2-184-ea6cfd,1757915678016,2
185,5,1-185-8465a8,1757915678018,1
185,6,3-185-cf9fa0,1757915678020,3
185,5,0-185-d95e3f,1757915678021,0
185,5,2-185-260817,1757915678021,2
186,6,1-186-6e918d,1757915678024,1
186,5,3-186-3e86aa,1757915678025,3
186,6,0-186-8cfb2d,1757915678027,0
186,6,2-186-a33c25,1757915678027,2
187,5,1-187-f1ea9f,1757915678029,1
187,5,3-187-17f9b3,1757915678030,3
187,6,0-187-d4f006,1757915678033,0
187,6,2-187-77a169,1757915678033,2
188,5,1-188-0b9b5e,1757915678034,1
188,6,3-188-696887,1757915678036,3
188,5,0-188-1488c4,1757915678038,0
188,5,2-188-d13351,1757915678038,2
189,5,1-189-8deec5,1757915678039,1
189,5,3-189-e91d20,1757915678041,3
189,6,0-189-20c33a,1757915678044,0
189,6,2-189-7e6097,1757915678044,2
190,6,1-190-e0e2a5,1757915678045,1
190,5,3-190-c4c3a7,1757915678046,3
190,5,0-190-cdae3d,1757915678049,0
190,5,2-190-5c3861,1757915678049,2
191,5,1-191-630d9d,1757915678050,1
191,5,3-191-f62d72,1757915678051,3
191,6,0-191-9ec41d,1757915678055,0
191,6,2-191-244d19,1757915678055,2
192,6,1-192-31fbd0,1757915678056,1
192,6,3-192-834d93,1757915678057,3
192,5,0-192-089d81,1757915678060,0
192,5,2-192-fcf688,1757915678060,2
193,5,1-193-6d30b6,1757915678061,1
193,5,3-193-58444f,1757915678062,3
193,6,0-193-bdf814,1757915678066,0
193,6,2-193-197eb5,1757915678066,2
194,6,1-194-081cc1,1757915678067,1
194,6,3-194-d225c4,1757915678068,3
194,5,0-194-610c9f,1757915678071,0
194,5,2-194-de591a,1757915678071,2
195,5,1-195-8d79c3,1757915678072,1
195,5,3-195-657d6d,1757915678073,3
195,5,0-195-1a4b58,1757915678076,0
195,6,2-195-3961e2,1757915678077,2
196,6,1-196-a03d39,1757915678078,1
196,6,3-196-fbd826,1757915678079,3
196,5,0-196-72a1b0,1757915678081,0
196,5,2-196-29eec5,1757915678082,2
197,5,1-197-a3c45b,1757915678083,1
197,5,3-197-61176a,1757915678084,3
197,5,0-197-f59918,1757915678086,0
197,6,2-197-f2aa78,1757915678088,2
198,6,1-198-73a943,1757915678089,1
198,6,3-198-9e7b81,1757915678090,3
198,6,0-198-8ac0b8,1757915678092,0
198,5,2-198-786170,1757915678093,2
199,5,1-199-20f4d4,1757915678094,1
199,5,3-199-4316e6,1757915678095,3
199,5,0-199-1692b9,1757915678097,0
199,6,2-199-510ff5,1757915678099,2
200,6,1-200-4938a6,1757915678100,1
200,6,3-200-aae737,1757915678101,3
200,6,0-200-9feba0,1757915678103,0
200,5,2-200-a4dc2c,1757915678104,2
201,5,3-201-01637c,1757915678106,3
201,6,1-201-adccee,1757915678106,1
201,5,0-201-65f387,1757915678108,0
201,5,2-201-df3be5,1757915678109,2
202,5,3-202-b056ab,1757915678111,3
202,5,1-202-fbd382,1757915678111,1
202,6,0-202-a99b46,1757915678114,0
202,6,2-202-91c8df,1757915678115,2
203,6,3-203-15f85f,1757915678117,3
203,6,1-203-19ea8c,1757915678117,1
203,5,0-203-33294c,1757915678119,0
203,5,2-203-084a0a,1757915678120,2
204,5,3-204-5fe6bb,1757915678122,3
204,5,1-204-e3c828,1757915678122,1
204,5,0-204-1196dd,1757915678124,0
204,5,2-204-589b68,1757915678125,2
205,5,3-205-0084fa,1757915678127,3
205,5,1-205-4f43fd,1757915678127,1
205,6,0-205-6f032d,1757915678130,0
205,6,2-205-22989b,1757915678131,2
206,6,1-206-70dec7,1757915678133,1
206,6,3-206-2d54fe,1757915678133,3
206,5,0-206-29db61,1757915678135,0
206,5,2-206-088fae,1757915678136,2
207,5,1-207-e350ac,1757915678138,1
207,5,3-207-fe52ba,1757915678138,3
207,5,0-207-8f7ca3,1757915678140,0
207,6,2-207-5d8008,1757915678142,2
208,6,3-208-78fbb3,1757915678144,3
208,6,1-208-eebd77,1757915678144,1
208,6,0-208-88c8a1,1757915678146,0
208,5,2-208-cf5f0f,1757915678147,2
209,5,3-209-706936,1757915678149,3
209,5,1-209-a02849,1757915678149,1
209,5,0-209-e9723d,1757915678151,0
209,6,2-209-79db83,1757915678153,2
210,5,3-210-071d59,1757915678154,3
210,5,1-210-988900,1757915678154,1
210,5,0-210-0d6c67,1757915678156,0
210,5,2-210-a0601a,1757915678158,2
211,6,3-211-1b06e3,1757915678160,3
211,6,1-211-e8c527,1757915678160,1
211,6,0-211-d3691b,1757915678162,0
211,6,2-211-c9bb62,1757915678164,2
212,5,1-212-e81f3e,1757915678165,1
212,5,3-212-c508b7,1757915678165,3
212,5,0-212-430930,1757915678167,0
212,5,2-212-fe3e53,1757915678169,2
213,6,3-213-87cab0,1757915678171,3
213,6,1-213-87013f,1757915678171,1
213,6,0-213-1f24c0,1757915678173,0
213,5,2-213-68cb9d,1757915678174,2
214,5,3-214-0dc543,1757915678176,3
214,5,1-214-237d1a,1757915678176,1
214,5,0-214-cc107a,1757915678178,0
214,5,2-214-493751,1757915678179,2
215,5,3-215-ff5b07,1757915678181,3
215,5,1-215-dd27f6,1757915678181,1
215,5,0-215-19bc05,1757915678183,0
215,5,2-215-555ace,1757915678184,2
216,5,1-216-03630a,1757915678186,1
216,5,3-216-b37434,1757915678186,3
216,6,0-216-e35e9a,1757915678189,0
216,5,2-216-d689ec,1757915678189,2
217,6,3-217-1bab82,1757915678192,3
217,6,1-217-27846f,1757915678192,1
217,6,0-217-a020a6,1757915678195,0
217,6,2-217-06da80,1757915678195,2
218,5,1-218-1754e3,1757915678197,1
218,5,3-218-7698a1,1757915678197,3
218,5,2-218-254557,1757915678200,2
218,5,0-218-2b1263,1757915678200,0
219,5,3-219-dd84b3,1757915678202,3
219,5,1-219-0af4b8,1757915678202,1
219,5,2-219-ec47f4,1757915678205,2
219,5,0-219-daf7fb,1757915678205,0
220,5,1-220-c2dcd2,1757915678207,1
220,5,3-220-c1cf15,1757915678207,3
220,6,0-220-98abef,1757915678211,0
220,6,2-220-4ee723,1757915678211,2
221,5,3-221-0370ee,1757915678212,3
221,5,1-221-e8a86f,1757915678212,1
221,5,2-221-b30aa7,1757915678216,2
221,5,0-221-44d3e3,1757915678216,0
222,6,3-222-155648,1757915678218,3
222,6,1-222-b7b039,1757915678218,1
222,5,2-222-42f27c,1757915678221,2
222,5,0-222-d93fcb,1757915678221,0
223,5,1-223-e2ae21,1757915678223,1
223,5,3-223-05875b,1757915678223,3
223,6,0-223-a5f57b,1757915678227,0
223,6,2-223-e5d6e2,1757915678227,2
224,6,3-224-c56e11,1757915678229,3
224,6,1-224-7b44da,1757915678229,1
224,5,2-224-56de8e,1757915678232,2
224,5,0-224-40eab7,1757915678232,0
225,5,3-225-d06a86,1757915678234,3
225,5,1-225-a21b5c,1757915678234,1
225,6,2-225-aa4127,1757915678238,2
225,6,0-225-951d72,1757915678238,0
226,6,3-226-6b5e18,1757915678240,3
226,6,1-226-6f6f33,1757915678240,1
226,5,2-226-da69c0,1757915678243,2
226,6,0-226-b8fdf6,1757915678244,0
227,5,3-227-4acd32,1757915678245,3
227,5,1-227-974eeb,1757915678245,1
227,6,2-227-7c139c,1757915678249,2
227,5,0-227-77f2d4,1757915678249,0
228,6,1-228-6626d5,1757915678251,1
228,6,3-228-47ad67,1757915678251,3
228,5,2-228-ac0f31,1757915678254,2
228,6,0-228-1f9c42,1757915678255,0
229,5,3-229-556f45,1757915678256,3
229,5,1-229-33b856,1757915678256,1
229,5,2-229-e4c239,1757915678259,2
229,5,0-229-57ebd6,1757915678260,0
230,6,3-230-031c20,1757915678262,3
230,6,1-230-03c93a,1757915678262,1
230,6,2-230-648b5f,1757915678265,2
230,5,0-230-bb28a7,1757915678265,0
231,5,3-231-88e88a,1757915678267,3
231,5,1-231-ec67b8,1757915678267,1
231,5,2-231-dc0487,1757915678270,2
231,6,0-231-f941c1,1757915678271,0
232,5,3-232-115b28,1757915678272,3
232,6,1-232-bece62,1757915678273,1
232,5,2-232-b5d941,1757915678275,2
232,5,0-232-b5aa45,1757915678276,0
233,6,3-233-a418f8,1757915678278,3
233,5,1-233-6cd7f2,1757915678278,1
233,6,2-233-ff9c9d,1757915678281,2
233,5,0-233-b851d4,1757915678281,0
234,5,3-234-2c2e09,1757915678283,3
234,6,1-234-69506d,1757915678284,1
234,5,2-234-c14d62,1757915678286,2
234,6,0-234-d385b3,1757915678287,0
235,6,3-235-ce58ec,1757915678289,3
235,5,1-235-b0f810,1757915678289,1
235,5,2-235-0cd240,1757915678291,2
235,6,0-235-73ccb9,1757915678293,0
236,5,3-236-99023a,1757915678294,3
236,6,1-236-f92b65,1757915678295,1
236,6,2-236-9756fc,1757915678297,2
236,5,0-236-21bb65,1757915678298,0
237,6,3-237-64a77d,1757915678300,3
237,6,1-237-4bb9be,1757915678301,1
237,5,2-237-64f49a,1757915678302,2
237,6,0-237-9d9435,1757915678304,0
238,5,3-238-e7280c,1757915678305,3
238,5,1-238-c54081,1757915678306,1
238,6,2-238-8ff7b6,1757915678308,2
238,5,0-238-295a65,1757915678309,0
239,6,3-239-f906f0,1757915678311,3
239,5,1-239-ed721e,1757915678311,1
239,5,2-239-bd97d2,1757915678313,2
239,6,0-239-9c7a5d,1757915678315,0
240,5,3-240-525fda,1757915678316,3
240,5,1-240-47c13c,1757915678316,1
240,6,2-240-6e7e68,1757915678319,2
240,6,0-240-78ed47,1757915678321,0
241,6,3-241-04b5e4,1757915678322,3
241,6,1-241-c26a0b,1757915678322,1
241,5,2-241-6dd8c2,1757915678324,2
241,5,0-241-f1b5f7,1757915678326,0
242,5,3-242-a4e9ae,1757915678327,3
242,5,1-242-5d006b,1757915678327,1
242,5,2-242-efc3e3,1757915678329,2
242,5,0-242-cac040,1757915678331,0
243,5,3-243-8a7a33,1757915678332,3
243,6,1-243-b9b0e6,1757915678333,1
243,6,2-243-201019,1757915678335,2
243,6,0-243-033a43,1757915678337,0
244,5,3-244-74941f,1757915678337,3
244,5,1-244-13c1ca,1757915678338,1
244,5,2-244-5349da,1757915678340,2
244,5,0-244-6aaec5,1757915678342,0
245,5,3-245-1b2900,1757915678342,3
245,6,1-245-ecb7a5,1757915678344,1
245,5,2-245-5bd6ba,1757915678345,2
246,6,3-246-8e0e15,1757915678348,3
245,6,0-245-f4bb6d,1757915678348,0
246,6,1-246-e8877f,1757915678350,1
246,6,2-246-14b2f4,1757915678351,2
246,5,0-246-a5a132,1757915678353,0
247,5,3-247-377c14,1757915678353,3
247,5,1-247-e5b553,1757915678355,1
247,5,2-247-ea8948,1757915678356,2
248,6,3-248-2e383d,1757915678359,3
247,6,0-247-1a0c82,1757915678359,0
248,5,1-248-8b9888,1757915678360,1
248,5,2-248-450d45,1757915678361,2
249,5,3-249-86c532,1757915678364,3
248,5,0-248-2fb308,1757915678364,0
249,6,1-249-20cd9c,1757915678366,1
249,6,2-249-1f4aa2,1757915678367,2
249,6,0-249-ca47a0,1757915678370,0
